<!DOCTYPE tiles-definitions PUBLIC
"-//Apache Software Foundation//DTD Tiles Configuration 3.0//EN"
"http://tiles.apache.org/dtds/tiles-config_3_0.dtd">
<tiles-definitions>
	<definition name="tilesbase" template="/WEB-INF/views/popcol/main/layout.jsp">
		<put-attribute name="title" value="PopCol" />
		<put-attribute name="header" value="/WEB-INF/views/popcol/main/header.jsp" />
		<put-attribute name="body" value="" />
		<put-attribute name="footer" value="/WEB-INF/views/popcol/main/footer.jsp" />
	</definition>
	
	<definition name="home" extends="tilesbase">
		<put-attribute name="body" value="/WEB-INF/views/popcol/main/home.jsp" />
	</definition>
	
	<definition name="loginForm" extends="tilesbase">
		<put-attribute name="body" value="/WEB-INF/views/popcol/main/member/loginForm.jsp" />
	</definition>
	
	<definition name="login" extends="tilesbase">
		<put-attribute name="body" value="/WEB-INF/views/popcol/main/member/login.jsp" />
	</definition>
	
	<definition name="joinmain" extends="tilesbase">
		<put-attribute name="body" value="/WEB-INF/views/popcol/main/member/joinmain.jsp" />
	</definition>
	
	<definition name="joinCheckForm" extends="tilesbase">
		<put-attribute name="body" value="/WEB-INF/views/popcol/main/member/joinCheckForm.jsp" />
	</definition>
	
	<definition name="joinCheck" extends="tilesbase">
		<put-attribute name="body" value="/WEB-INF/views/popcol/main/member/joinCheck.jsp" />
	</definition>
	
	<definition name="joinForm" extends="tilesbase">
		<put-attribute name="body" value="/WEB-INF/views/popcol/main/member/joinForm.jsp" />
	</definition>
	
	<definition name="join" extends="tilesbase">
		<put-attribute name="body" value="/WEB-INF/views/popcol/main/member/join.jsp" />
	</definition>
	
	<definition name="findForm" extends="tilesbase">
		<put-attribute name="body" value="/WEB-INF/views/popcol/main/member/findForm.jsp" />
	</definition>

	<definition name="empty" template="/WEB-INF/views/popcol/main/empty.jsp">
		<put-attribute name="body" value="" />
    </definition>
    
	<definition name="idDupCheck" extends="empty">
          <put-attribute name="body" value="/WEB-INF/views/popcol/main/member/idDupCheck.jsp" />
    </definition>
</tiles-definitions>